{
    "SiteUrl": "https://www.kuafuzys.com,https://www.kuafuzys.vip",
    "Classes": [
        {
            "type_name": "电影",
            "type_id": "1"
        },
        {
            "type_name": "剧集",
            "type_id": "2"
        },
        {
            "type_name": "4K电影",
            "type_id": "3"
        },
        {
            "type_name": "4K剧集",
            "type_id": "4"
        },
        {
            "type_name": "动漫",
            "type_id": "5"
        },
        {
            "type_name": "短剧",
            "type_id": "6"
        }
    ],
    "Cookie": "bbs_token=zNQpYs_2BmC2e_2FcUM_2BmuihZ33Jswh_2Fj7sPtelqcw_3D_3D; bbs_sid=65idikju2chtl9sv5or02qlpjj"
}